doc_id,matched_title,excel_row,institution,url,match_score,n_words,second_title,second_score,title_is_duplicated,needs_review
3,Tenets,310,Partnership on AI,"https://partnershiponai.org/about/#:~:text=Our%20Tenets&text=We%20will%20educate%20and%20listen,work%2C%20and%20address%20their%20questions.&text=We%20are%20committed%20to%20open,and%20legal%20implications%20of%20AI.",83.3,1,Murphy and Wood’s three laws of Responsible Robotics,78.8,False,True
4,Tenets,310,Partnership on AI,"https://partnershiponai.org/about/#:~:text=Our%20Tenets&text=We%20will%20educate%20and%20listen,work%2C%20and%20address%20their%20questions.&text=We%20are%20committed%20to%20open,and%20legal%20implications%20of%20AI.",83.3,1,AI Now,66.7,False,True
5,Artificial intelligence in Healthcare,402,Academy of Medical Royal Colleges,https://www.aomrc.org.uk/wp-content/uploads/2019/01/Artificial_intelligence_in_healthcare_0119.pdf,100.0,4,Artificial Intelligence,100.0,False,False
6,Human rights in the age of Artificial Intelligence,700,Access Now,https://www.accessnow.org/cms/assets/uploads/2018/11/AI-and-Human-Rights.pdf,100.0,8,Artificial Intelligence,100.0,False,False
8,Europe’s approach to artificial intelligence: how AI strategy is evolving,153,AccessNow,https://www.accessnow.org/wp-content/uploads/2020/12/Europes-approach-to-AI-strategy-is-evolving.pdf,100.0,11,Artificial Intelligence,100.0,False,False
9,Human Rights Impact Assessments for AI: Analysis and Recommendations,42,AccessNow,https://www.accessnow.org/cms/assets/uploads/2022/11/Access-Now-Version-Human-Rights-Implications-of-Algorithmic-Impact-Assessments_-Priority-Recommendations-to-Guide-Effective-Development-and-Use.pdf,100.0,9,Artificial intelligence impact assessment,100.0,False,False
10,Regulating AI in Europe: four problems and four solutions,316,Ada Lovelace Institute,https://www.adalovelaceinstitute.org/wp-content/uploads/2022/03/Expert-opinion-Lilian-Edwards-Regulating-AI-in-Europe.pdf,100.0,9,Artificial Intelligence,100.0,False,False
12,Report on Artificial Intelligence and Human Society (Unofficial translation),249,Advisory Board on Artificial Intelligence and Human Society (initiative of the Minister of State for Science and Technology Policy),https://www8.cao.go.jp/cstp/tyousakai/ai/summary/aisociety_en.pdf,100.0,9,Artificial Intelligence,100.0,False,False
13,Artificial Intelligence at the service of the citizen,616,Agenzia per l'Italia Digitale (AGID),https://ai-white-paper.readthedocs.io/en/latest/,100.0,8,Artificial Intelligence,100.0,False,False
14,National AI Strategy,434,"Department for Digital, Culture, Media & Sport and Department for Business, Energy & Industrial Strategy - Office for AI (United Kingdom)",https://www.gov.uk/government/publications/national-ai-strategy/national-ai-strategy-html-version,100.0,3,Artificial Intelligence,100.0,False,False
15,Ethics Guidelines for Trustworthy AI,120,European Commission (AI HLEG),https://www.aepd.es/sites/default/files/2019-12/ai-ethics-guidelines.pdf,100.0,5,Trustworthy AI in Aotearoa,100.0,False,False
16,AI Now 2017 Report,28,AI Now Institute,https://ainowinstitute.org/wp-content/uploads/2023/04/AI_Now_2017_Report.pdf,100.0,4,AI Now,100.0,False,False
17,AI Now,279,AI Now Institute,https://ainowinstitute.org/wp-content/uploads/2023/04/AI-Now-2023-Landscape-Report-FINAL.pdf,100.0,2,Algorithms in Decision Making,89.7,False,True
18,Tenets,310,Partnership on AI,"https://partnershiponai.org/about/#:~:text=Our%20Tenets&text=We%20will%20educate%20and%20listen,work%2C%20and%20address%20their%20questions.&text=We%20are%20committed%20to%20open,and%20legal%20implications%20of%20AI.",83.3,1,TrUE AI,71.4,False,True
19,AI Now 2019 Report,94,AI Now Institute,https://ainowinstitute.org/wp-content/uploads/2023/04/AI_Now_2019_Report.pdf,100.0,4,AI Now,100.0,False,False
20,Tenets,310,Partnership on AI,"https://partnershiponai.org/about/#:~:text=Our%20Tenets&text=We%20will%20educate%20and%20listen,work%2C%20and%20address%20their%20questions.&text=We%20are%20committed%20to%20open,and%20legal%20implications%20of%20AI.",83.3,1,TrUE AI,71.4,False,True
21,Artificial intelligence impact assessment,627,AI Recht,https://airecht.nl/s/Artificial-Intelligence-Impact-Assessment-English.pdf,100.0,4,Artificial Intelligence,100.0,False,False
22,Artificial Intelligence,15,Samsung Research,https://research.samsung.com/artificial-intelligence,73.9,2,Our principles,71.4,False,True
23,"AI4People—An Ethical Framework for a Good AI Society: Opportunities, Risks, Principles, and Recommendations",568,AI4People; Atomium-EISMD,https://link.springer.com/content/pdf/10.1007/s11023-018-9482-5.pdf,100.0,14,Artificial Intelligence,100.0,False,False
24,From Principles to Practice: An interdisciplinary framework to operationalise AI ethics,118,AIEI Group,https://www.ai-ethics-impact.org/resource/blob/1961130/c6db9894ee73aefa489d6249f5ee2b9f/aieig---report---download-hb-data.pdf,100.0,11,Artificial Intelligence,100.0,False,False
25,Automating Society Report,561,AlgorithmWatch,https://automatingsociety.algorithmwatch.org/report2020/policy-recommendations/,100.0,3,Data Ethics Framework,81.0,False,False
26,Ethics and algorithmic processes for decision making and decision support,490,AlgorithmWatch,https://algorithmwatch.org/wp-content/uploads/2017/06/AlgorithmWatch_Working-Paper_No_2_Ethics_ADM.pdf,100.0,10,AI Principles,84.6,False,False
27,Taking Stock of Automated Decision-Making in the EU,620,AlgorithmWatch,https://algorithmwatch.org/wp-content/uploads/2019/01/Automating_Society_Report_2019.pdf,98.0,9,Automating Society Report,88.9,False,False
28,Ethics Guidelines for Trustworthy AI,120,European Commission (AI HLEG),https://www.aepd.es/sites/default/files/2019-12/ai-ethics-guidelines.pdf,100.0,5,Artificial Intelligence Act: Analysis & Recommendations,100.0,False,False
29,ADP: Ethics in Artificial Intelligence,96,Always Designing for People,https://www.adp.com/-/media/adp/redesign2018/pdf/data-privacy/ai-ethics-statement.pdf?rev=f155df771fea4850b310f17ca407f3f1&hash=73364D9FB41931A7C1887B976538BE5C,100.0,5,Artificial Intelligence,100.0,False,False
30,AI Ethics Kakao,651,Kakako Corp,https://www.kakaocorp.com/page/responsible/detail/algorithm?lang=ENG&tab=all,58.3,3,AI Sector Deal,57.1,False,True
31,TrUE AI,495,Thales,https://www.thalesgroup.com/en/group/journalist/press_release/thales-true-ai-approach-artificial-intelligence-be-unveiled-paris,71.4,2,AI Now,66.7,False,True
33,AI Principles,315,Future of Life Institute,https://futureoflife.org/open-letter/ai-principles/,84.6,2,Tenets,83.3,False,True
35,"Statement on Accessibility, Usability, and Digital Inclusiveness",73,Association for Computing Machinery - Future of Computing Machinery,https://www.acm.org/binaries/content/assets/public-policy/2017_usacm_statement_accessibility.pdf,100.0,7,AI Principles,92.3,False,False
36,Statement on Computing and Network Security,158,Association for Computing Machinery - Future of Computing Machinery,https://www.acm.org/binaries/content/assets/public-policy/2017_usacm_statement_computingandnetworksecurity.pdf,100.0,6,AI Principles,92.3,False,False
37,Statement on Algorithmic Transparency and Accountability,409,Association for Computing Machinery (ACM),https://www.acm.org/binaries/content/assets/public-policy/2017_usacm_statement_algorithms.pdf,100.0,6,Algorithms in Decision Making,89.7,False,False
38,Artificial Intelligence. Australia's Ethics Framework. A discussion paper,728,Australian Government - Department of Industry Innovation and Science,https://www.csiro.au/-/media/D61/Reports/Artificial-Intelligence-ethics-framework.pdf,100.0,9,Artificial Intelligence,100.0,False,False
39,Special report: Artificial Intelligence - Your questions answered,88,"Australian Strategic Policy Institute (ASPI), University of Adelaide, Australian Institute for Machine Learning",https://ad-aspi.s3.ap-southeast-2.amazonaws.com/2023-01/SR183%20AI%20Your%20questions%20answered.pdf?VersionId=RDGO41fuPaLXTscqQt0SKCfOkLU0G7.6,100.0,7,Artificial Intelligence,100.0,False,False
40,Governance of Artificial Intelligence in Finance,257,Autorité de contrôle prudentiel et de résolution (ACPR - France),https://acpr.banque-france.fr/sites/default/files/medias/documents/20200612_ai_governance_finance.pdf,100.0,6,Artificial Intelligence,100.0,False,False
42,Ethical issues arising from the police use of live facial recognition technology,266,Biometrics and Forensics Ethics Group (BFEG),https://assets.publishing.service.gov.uk/government/uploads/system/uploads/attachment_data/file/781745/Facial_Recognition_Briefing_BFEG_February_2019.pdf,100.0,12,AI Principles,92.3,False,False
43,"Artificial Intelligence Economic importance, social challenges, human responsibility",581,Bitkom,https://www.bitkom.org/sites/default/files/file/import/171101-PP-Artificial-Intelligence-ENG-Web.pdf,100.0,8,Artificial Intelligence,100.0,False,False
44,AI Now,279,AI Now Institute,https://ainowinstitute.org/wp-content/uploads/2023/04/AI-Now-2023-Landscape-Report-FINAL.pdf,83.3,2,Tenets,83.3,False,True
45,Towards an AI Strategy in Mexico. Harnessing the AI Revolution,233,British Embassy Mexico City,https://7da2ca8d-b80d-4593-a0ab-5272e2b9c6c5.filesusr.com/ugd/7be025_e726c582191c49d2b8b6517a590151f6.pdf,100.0,10,Artificial Intelligence,100.0,False,False
46,"Strengthening international cooperation on AI, Progress report",119,"Brookings, Centre for European Policy Studies",https://www.brookings.edu/wp-content/uploads/2021/10/Strengthening-International-Cooperation-AI_Oct21.pdf,100.0,7,Artificial Intelligence,100.0,False,False
47,Regulating AI to protect the consumer: Position Paper on the AI Act,661,Bureau européen des Unions des Consommateurs (BEUC),https://www.beuc.eu/publications/beuc-x-2021-088_regulating_ai_to_protect_the_consumer.pdf,98.5,12,AI Principles,92.3,False,False
48,Social Principles of Human-Centric AI,326,Cabinet Office (Japan),https://www.cas.go.jp/jp/seisaku/jinkouchinou/pdf/humancentricai.pdf,100.0,6,Ethics Guidelines for Trustworthy AI,100.0,False,False
49,Statement on Artificial Intelligence,576,"Canada, France",https://www.international.gc.ca/world-monde/international_relations-relations_internationales/europe/2018-06-07-france_ai-ia_france.aspx?lang=eng,100.0,4,Artificial Intelligence,100.0,False,False
50,Responsible bots: 10 guidelines for developers of conversational AI,549,Microsoft,https://www.microsoft.com/en-us/research/uploads/prod/2018/11/Bot_Guidelines_Nov_2018.pdf,100.0,9,Responsible Development of AI,100.0,False,False
51,Data Ethics Framework,366,Central Digital & Data Office,https://www.gov.uk/government/publications/data-ethics-framework/data-ethics-framework-2020,100.0,3,Ethics Framework,100.0,False,False
52,Review into Bias in Algorithmic Decision-making,134,Centre for Data Ethics and Innovation,https://assets.publishing.service.gov.uk/media/60142096d3bf7f70ba377b20/Review_into_bias_in_algorithmic_decision-making.pdf,100.0,7,Algorithms in Decision Making,89.7,False,False
54,The Road to a Human-Centred Digital Society,25,Centre on AI Technology for Humanking (AiTH) at NUS Business School,https://drive.google.com/uc?export=download&id=1aRyqczni56ONA9PVExt2DrrJ1ATGKSu0,100.0,8,TrUE AI,85.7,False,False
55,Ethics in robotics research. CERNA Mission and Context,699,CERNA (Allistene),https://hal.archives-ouvertes.fr/hal-01849092/document,100.0,8,Artificial Intelligence,100.0,False,False
56,"Facial Recognition Technology and the Growing Power of Artificial Intelligence: Report of the Standing Committee on Access to Information, Privacy and Ethics",619,Chambre des communes (Canada),https://www.ourcommons.ca/Content/Committee/441/ETHI/Reports/RP11948475/ethirp06/ethirp06-e.pdf,100.0,22,Artificial Intelligence,100.0,False,False
58,Toward a G20 Framework for Artificial Intelligence in the Workplace,388,CIGI Gentre for International Governance Innovation,https://www.cigionline.org/documents/1454/Paper%20No.178.pdf,100.0,10,Artificial Intelligence,100.0,False,False
59,Digital Ethics: A guide for professionals of the Digital Age,21,CIGREF/Syntec Numérique,https://www.cigref.fr/wp/wp-content/uploads/2019/02/Cigref-Syntec-Digital-Ethics-Guide-for-Professionals-of-Digital-Age-2018-October-EN.pdf,100.0,10,Artificial Intelligence,100.0,False,False
62,Artificial Intelligence,15,Samsung Research,https://research.samsung.com/artificial-intelligence,100.0,2,AI Principles,92.3,False,True
63,Artificial Intelligence,15,Samsung Research,https://research.samsung.com/artificial-intelligence,100.0,2,The Ethics of Artifical Intelligence,86.1,False,True
64,Artificial Intelligence,15,Samsung Research,https://research.samsung.com/artificial-intelligence,100.0,2,AI Principles,92.3,False,True
65,AI Portugal 2030,716,"Coordination Office of INCoDe.2030 Initiative, Portuguese Science and Technology Foundation (FCT), Portuguese Innovation Agency (ANI), Ciência Viva and the Portuguese Agency for Administrative Modernisation (AMA)",https://www.portugal.gov.pt/download-ficheiros/ficheiro.aspx?v=%3D%3DBAAAAB%2BLCAAAAAAABACzMDQxAQC3h%2ByrBAAAAA%3D%3D,100.0,3,Artificial Intelligence,100.0,False,False
66,Guide on the use of Artificial Intelligence-based tools by lawyers and law firms in the EU,558,"Council of Bars and Law Societies of Europe (CCBE), European Lawyers Fundation (ELF)",https://www.ccbe.eu/fileadmin/speciality_distribution/public/documents/IT_LAW/ITL_Reports_studies/EN_ITL_20220331_Guide-AI4L.pdf,100.0,17,Artificial Intelligence,100.0,False,False
68,Artificial Intelligence,15,Samsung Research,https://research.samsung.com/artificial-intelligence,100.0,2,Artificial Intelligence (AI) in Health,86.1,False,True
69,Towards regulation of AI Systems,325,Council of Europe (CAHAI),https://rm.coe.int/prems-107320-gbr-2018-compli-cahai-couv-texte-a4-bat-web/1680a0c17a,100.0,5,Artificial Intelligence,100.0,False,False
70,The impact of Artificial Intelligence on the Doctor-Patient Relationship,617,Council of Europe (CDBIO),https://rm.coe.int/inf-2022-5-report-impact-of-ai-on-doctor-patient-relations-e/1680a68859,98.6,10,Artificial Intelligence,95.7,False,False
71,Technical study on online dispute resolution mechanisms,476,Council of Europe (CDCJ),https://rm.coe.int/cdcj-2018-5e-technical-study-odr/1680913249,100.0,7,Artificial Intelligence,100.0,False,False
72,Artificial Intelligence,15,Samsung Research,https://research.samsung.com/artificial-intelligence,100.0,2,Concept note Artificial intelligence and criminal law responsibility in Council of Europe,93.3,False,True
73,Artificial Intelligence,15,Samsung Research,https://research.samsung.com/artificial-intelligence,100.0,2,European ethical Charter on the use of Artificial Intelligence in judicial systems and their environment,94.2,False,True
74,Declaration by the Committee of Ministers on the manipulative capabilities of algorithmic processes,291,Council of Europe (Committee of Ministers),https://search.coe.int/cm/pages/result_details.aspx?ObjectId=090000168092dd4b,100.0,13,Study on the Human Rights Dimensions of Automated Data Processing techniques,100.0,False,False
76,Research Collection: Research Supporting Responsible AI,83,Microsoft,https://www.microsoft.com/en-us/research/blog/research-collection-research-supporting-responsible-ai/,78.3,6,Recommendations on Updating the National Artificial Intelligence Research and Development Strategic Plan,76.9,False,True
77,Research Collection: Research Supporting Responsible AI,83,Microsoft,https://www.microsoft.com/en-us/research/blog/research-collection-research-supporting-responsible-ai/,78.3,6,Recommendations on Updating the National Artificial Intelligence Research and Development Strategic Plan,76.9,False,True
78,Research Collection: Research Supporting Responsible AI,83,Microsoft,https://www.microsoft.com/en-us/research/blog/research-collection-research-supporting-responsible-ai/,78.3,6,Recommendations on Updating the National Artificial Intelligence Research and Development Strategic Plan,76.9,False,True
79,Guidelines on Artificial Intelligence and Data Protection,489,Council of Europe (Consultative Committee of the Convention 108),https://rm.coe.int/guidelines-on-artificial-intelligence-and-data-protection/168091f9d8,100.0,7,Artificial Intelligence,100.0,False,False
80,Guidelines on facial recognition,690,Council of Europe (Consultative Committee of the Convention 108),https://rm.coe.int/guidelines-on-facial-recognition/1680a134f3,100.0,4,Ethics Framework,87.5,False,False
81,Artificial Intelligence,15,Samsung Research,https://research.samsung.com/artificial-intelligence,100.0,2,AI Principles,92.3,False,True
82,Artificial Intelligence,15,Samsung Research,https://research.samsung.com/artificial-intelligence,100.0,2,Algorithms in Decision Making,89.7,False,True
83,Artificial Intelligence,15,Samsung Research,https://research.samsung.com/artificial-intelligence,100.0,2,"Artificial Intelligence and Education: A critical view through the lens of human rights, democracy and the rule of law",97.4,False,True
84,Artificial Intelligence,15,Samsung Research,https://research.samsung.com/artificial-intelligence,100.0,2,Artificil intelligence in the audiovisual sector,95.8,False,True
85,Artificial Intelligence,15,Samsung Research,https://research.samsung.com/artificial-intelligence,100.0,2,Artificil intelligence in the audiovisual sector,97.9,False,True
86,Artificial Intelligence,15,Samsung Research,https://research.samsung.com/artificial-intelligence,100.0,2,Study on the implications of advanced digital technologies (including AI systems) for the concept of responsibility within a human rights framework,99.3,False,True
87,Study on the Human Rights Dimensions of Automated Data Processing techniques,173,Council of Europe (MSI-NET),https://rm.coe.int/algorithms-and-human-rights-en-rev/16807956b5,100.0,11,Ethics Framework,87.5,False,False
88,Artificial Intelligence,15,Samsung Research,https://research.samsung.com/artificial-intelligence,100.0,2,Artificial Intelligence Strategy,84.4,False,True
89,Tenets,310,Partnership on AI,"https://partnershiponai.org/about/#:~:text=Our%20Tenets&text=We%20will%20educate%20and%20listen,work%2C%20and%20address%20their%20questions.&text=We%20are%20committed%20to%20open,and%20legal%20implications%20of%20AI.",83.3,1,TrUE AI,71.4,False,True
91,TrUE AI,495,Thales,https://www.thalesgroup.com/en/group/journalist/press_release/thales-true-ai-approach-artificial-intelligence-be-unveiled-paris,71.4,2,AI Now,66.7,False,True
93,Machine learning: the power and promise of computers that learn by example,645,The Royal Society,https://royalsociety.org/~/media/policy/projects/machine-learning/publications/machine-learning-report.pdf,100.0,12,Artificial Intelligence,100.0,False,False
94,Artificial Intelligence and its Impact on Young People,573,Council of Europe (Youth Department),https://rm.coe.int/ai-report-bil-final/16809f9a88,100.0,8,Artificial Intelligence,100.0,False,False
95,Declaration on Youth Participation in AI Governance,537,Council of Europe (Youth Department),https://rm.coe.int/declaration-on-youth-participation-in-ai-governance-eng-08122020/1680a0a745,100.0,7,Artificial Intelligence,100.0,False,False
96,Artificial Intelligence,15,Samsung Research,https://research.samsung.com/artificial-intelligence,100.0,2,The Ethics of Artifical Intelligence,83.3,False,True
97,Artificial Intelligence,15,Samsung Research,https://research.samsung.com/artificial-intelligence,100.0,2,Artificial Intelligence diplomacy,84.8,False,True
98,Artificial Intelligence,15,Samsung Research,https://research.samsung.com/artificial-intelligence,100.0,2,European ethical Charter on the use of Artificial Intelligence in judicial systems and their environment,98.1,False,True
99,Discussion paper on Governance of the Artificial Intelligence Strategy for Europe,590,Council of the European Union,https://data.consilium.europa.eu/doc/document/ST-11352-2018-INIT/en/pdf,100.0,11,Artificial Intelligence for Europe,100.0,False,False
100,"Thematic Reviews on 'Social Aspects of Digitalisation' (SPC) and 'Digitalisation and Robotisation of Work' (EMCO) - Endorsement of the joint key messages, 14411/18",30,Council of the European Union,http://data.consilium.europa.eu/doc/document/ST-14411-2018-INIT/en/pdf,94.7,23,Tenets,83.3,False,True
101,Data for the Benefit of the People,219,Danish Expert Group on Data Ethics - Ekspertgruppen om DATAETIK,https://cis-india.org/internet-governance/files/data-for-the-benefit-of-people,100.0,7,Artificial Intelligence,100.0,False,False
102,Governing Artificial Intelligence. Upholding Human Rights & Dignity,133,Data & Society,https://datasociety.net/wp-content/uploads/2018/10/DataSociety_Governing_Artificial_Intelligence_Upholding_Human_Rights.pdf,100.0,7,Artificial Intelligence,100.0,False,False
103,Data Ethics Principles,587,Data Ethics,https://dataethics.eu/data-ethics-principles/,100.0,3,Artificial Intelligence,100.0,False,False
104,Artificial Intelligence,15,Samsung Research,https://research.samsung.com/artificial-intelligence,100.0,2,AI Principles,92.3,False,True
105,Artificial Intelligence,15,Samsung Research,https://research.samsung.com/artificial-intelligence,100.0,2,AI Principles,92.3,False,True
107,Algorithms: preventing automated discrimination,115,Défenseur des droits (in partnership with CNIL),https://www.defenseurdesdroits.fr/sites/default/files/2023-07/ddd_rapport_algorithmes_2020_EN_20200531.pdf,100.0,4,AI Now,83.3,False,False
108,Artificial Intelligence,15,Samsung Research,https://research.samsung.com/artificial-intelligence,100.0,2,Ethics Framework,87.5,False,True
109,Guidelines for AI procurement,525,World Economic Forum (WEF),https://www3.weforum.org/docs/WEF_Guidelines_for_AI_Procurement.pdf,100.0,4,Guidelines for AI procurement,100.0,True,True
110,National AI Strategy,434,"Department for Digital, Culture, Media & Sport and Department for Business, Energy & Industrial Strategy - Office for AI (United Kingdom)",https://www.gov.uk/government/publications/national-ai-strategy/national-ai-strategy-html-version,100.0,3,Artificial Intelligence,100.0,False,False
111,AI Sector Deal,710,"Department for Digital, Culture, Media & Sport and Department for Business, Energy & Industrial Strategy (United Kingdom)",https://www.gov.uk/government/publications/artificial-intelligence-sector-deal/ai-sector-deal,100.0,3,Artificial Intelligence,100.0,False,False
112,Growing the artificial intelligence industry in the UK,27,"Department for Digital, Culture, Media & Sport and Department for Business, Energy & Industrial Strategy (United Kingdom)",https://www.gov.uk/government/publications/growing-the-artificial-intelligence-industry-in-the-uk,100.0,8,Artificial Intelligence,100.0,False,False
114,A Method for Ethical AI in Defence,251,Department of Defence (Australia),https://www.dst.defence.gov.au/sites/default/files/publications/documents/A%20Method%20for%20Ethical%20AI%20in%20Defence.pdf,100.0,7,Artificial Intelligence,100.0,False,False
115,A guide to good practice for digital and data-driven health technologies,155,UK Department of Health & Social Care,https://www.gov.uk/government/publications/code-of-conduct-for-data-driven-health-and-care-technology/initial-code-of-conduct-for-data-driven-health-and-care-technology,100.0,12,Initial Code of Conduct for Data-Driven Health and Care Technology,100.0,False,False
117,Guidelines for Artificial Intelligence,208,Deutsche Telekom,https://www.telekom.com/en/company/digital-responsibility/details/artificial-intelligence-ai-guideline-524366,100.0,4,Artificial Intelligence,100.0,False,False
120,AI Sector Deal,710,"Department for Digital, Culture, Media & Sport and Department for Business, Energy & Industrial Strategy (United Kingdom)",https://www.gov.uk/government/publications/artificial-intelligence-sector-deal/ai-sector-deal,64.3,3,AI Portugal 2030,62.5,False,True
121,AI Now,279,AI Now Institute,https://ainowinstitute.org/wp-content/uploads/2023/04/AI-Now-2023-Landscape-Report-FINAL.pdf,83.3,2,Tenets,83.3,False,True
123,A Moral Framework for Understanding of Fair ML through Economic Models of Equality of Opportunity,403,ETH Zurich,https://arxiv.org/abs/1809.03400,100.0,15,Ethics Framework,87.5,False,False
124,Artificial Intelligence,15,Samsung Research,https://research.samsung.com/artificial-intelligence,100.0,2,AI Principles,84.6,False,True
125,Artificial Intelligence,15,Samsung Research,https://research.samsung.com/artificial-intelligence,100.0,2,The FLY AI Report: Demystifying and Accelerating AI in Aviation/ATM,98.5,False,True
128,"Study on eHealth, Interoperability of Health Data and Artificial Intelligence for Health and Care in the European Union",504,European Commission,https://www.digitalhealthnews.eu/images/stories/pdf/artificial_intelligence_in_healthcare-final_report.pdf,100.0,18,Artificial Intelligence,100.0,False,False
129,Tenets,310,Partnership on AI,"https://partnershiponai.org/about/#:~:text=Our%20Tenets&text=We%20will%20educate%20and%20listen,work%2C%20and%20address%20their%20questions.&text=We%20are%20committed%20to%20open,and%20legal%20implications%20of%20AI.",83.3,1,TrUE AI,71.4,False,True
130,Coordinated plan on AI,317,European Commission,https://ec.europa.eu/newsroom/dae/document.cfm?doc_id=56018,100.0,4,Artificial Intelligence,100.0,False,False
131,Coordinated plan on AI,317,European Commission,https://ec.europa.eu/newsroom/dae/document.cfm?doc_id=56018,100.0,4,National AI Strategy,100.0,False,False
132,TrUE AI,495,Thales,https://www.thalesgroup.com/en/group/journalist/press_release/thales-true-ai-approach-artificial-intelligence-be-unveiled-paris,71.4,2,Digital Decisions,70.6,False,True
133,Tenets,310,Partnership on AI,"https://partnershiponai.org/about/#:~:text=Our%20Tenets&text=We%20will%20educate%20and%20listen,work%2C%20and%20address%20their%20questions.&text=We%20are%20committed%20to%20open,and%20legal%20implications%20of%20AI.",83.3,1,TrUE AI,71.4,False,True
134,Artificial Intelligence,15,Samsung Research,https://research.samsung.com/artificial-intelligence,100.0,2,Artificial Intelligence for Europe,91.2,False,True
135,Assessment List for Trustworthy Artificial Intelligence (ALTAI) for self-assessment,175,European Commission (AI HLEG),https://ec.europa.eu/newsroom/dae/document.cfm?doc_id=68342,100.0,10,Ethics Guidelines for Trustworthy AI,100.0,False,False
136,Ethics Guidelines for Trustworthy AI,120,European Commission (AI HLEG),https://www.aepd.es/sites/default/files/2019-12/ai-ethics-guidelines.pdf,100.0,5,Artificial Intelligence,100.0,False,False
137,Study supporting the impact assessment of the AI regulation,475,European Commission,https://digital-strategy.ec.europa.eu/en/library/study-supporting-impact-assessment-ai-regulation,100.0,9,Artificial Intelligence,100.0,False,False
138,Ethics Guidelines for Trustworthy AI,120,European Commission (AI HLEG),https://www.aepd.es/sites/default/files/2019-12/ai-ethics-guidelines.pdf,100.0,5,Artificial Intelligence,100.0,False,False
139,Tenets,310,Partnership on AI,"https://partnershiponai.org/about/#:~:text=Our%20Tenets&text=We%20will%20educate%20and%20listen,work%2C%20and%20address%20their%20questions.&text=We%20are%20committed%20to%20open,and%20legal%20implications%20of%20AI.",83.3,1,TrUE AI,71.4,False,True
140,Tenets,310,Partnership on AI,"https://partnershiponai.org/about/#:~:text=Our%20Tenets&text=We%20will%20educate%20and%20listen,work%2C%20and%20address%20their%20questions.&text=We%20are%20committed%20to%20open,and%20legal%20implications%20of%20AI.",83.3,1,TrUE AI,71.4,False,True
141,Liability for Artificial Intelligence and other emerging digital technologies,246,European Commission (Expert group on liability and new technologies),https://ec.europa.eu/newsroom/dae/document.cfm?doc_id=63199,100.0,9,Artificial Intelligence,100.0,False,False
142,Artificial Intelligence for Europe,469,European Commission,https://eur-lex.europa.eu/legal-content/EN/TXT/PDF/?uri=CELEX:52018DC0237&from=EN,100.0,4,Artificial Intelligence,100.0,False,False
143,Artificial Intelligence in public services - Overview of the use and impact of AI in public services in the EU,729,"European Commission (Joint Research Centre, AI Watch)",https://publications.jrc.ec.europa.eu/repository/bitstream/JRC120399/jrc120399_misuraca-ai-watch_public-services_30062020_def.pdf,100.0,19,Artificial Intelligence for Europe,100.0,False,False
144,Assessing Technology Readiness Levels for Artificial Intelligence,287,"European Commission (Joint Research Centre, AI Watch)",https://publications.jrc.ec.europa.eu/repository/bitstream/JRC122014/jrc122014_ai_watch_assessing_technology_readiness_levels_for_artificial_intelligence-1.pdf,100.0,7,Artificial Intelligence,100.0,False,False
145,Artificial Intelligence,15,Samsung Research,https://research.samsung.com/artificial-intelligence,100.0,2,Beyond pilots: sustainable implementation of AI in public services,98.5,False,True
146,Defining Artificial Intelligence : towards an operational definition and taxonomy of artificial intelligence,398,"European Commission (Joint Research Centre, AI Watch)",https://op.europa.eu/o/opportal-service/download-handler?identifier=6cc0f1b6-59dd-11ea-8b81-01aa75ed71a1&format=pdf&language=en&productionSystem=cellar&part=,100.0,12,Artificial Intelligence: A european perspective,100.0,False,False
147,"National strategies on Artificial Intelligence: A European perspective, 2021 edition",145,"European Commission (Joint Research Centre, AI Watch)",https://publications.jrc.ec.europa.eu/repository/bitstream/JRC122684/ai_watch_report_national_ai_strategies.pdf,100.0,10,Artificial Intelligence: A european perspective,100.0,False,False
148,"National strategies on Artificial Intelligence: A European perspective, 2021 edition",145,"European Commission (Joint Research Centre, AI Watch)",https://publications.jrc.ec.europa.eu/repository/bitstream/JRC122684/ai_watch_report_national_ai_strategies.pdf,100.0,10,Artificial Intelligence: A european perspective,100.0,False,False
149,Tenets,310,Partnership on AI,"https://partnershiponai.org/about/#:~:text=Our%20Tenets&text=We%20will%20educate%20and%20listen,work%2C%20and%20address%20their%20questions.&text=We%20are%20committed%20to%20open,and%20legal%20implications%20of%20AI.",83.3,1,TrUE AI,71.4,False,True
150,TrUE AI,495,Thales,https://www.thalesgroup.com/en/group/journalist/press_release/thales-true-ai-approach-artificial-intelligence-be-unveiled-paris,71.4,2,AI Now,66.7,False,True
151,"The impact of Artificial Intelligence on learning, teaching, and education",429,European Commission (Joint Research Centre),https://op.europa.eu/o/opportal-service/download-handler?identifier=5cb8eee3-e888-11e8-b690-01aa75ed71a1&format=pdf&language=en&productionSystem=cellar&part=,100.0,10,Artificial Intelligence,100.0,False,False
152,Artificial Intelligence,15,Samsung Research,https://research.samsung.com/artificial-intelligence,100.0,2,AI Roadmap,90.0,False,True
153,Artificial Intelligence,15,Samsung Research,https://research.samsung.com/artificial-intelligence,100.0,2,Artificial Intelligence (AI) in Health,86.1,False,True
154,"Artificial intelligence, blockchain and the future of Europe: How disruptive technologies create opportunities for a green and digital economy",543,"European Commission, European Investment Bank",https://www.eib.org/attachments/thematic/artificial_intelligence_blockchain_and_the_future_of_europe_report_en.pdf,100.0,19,Artificial Intelligence,100.0,False,False
155,Open letter: Civil society call for the introduction of red lines in the upcoming European Commission proposal on Artificial Intelligence,57,European Digital Rights (EDRi),https://edri.org/wp-content/uploads/2021/01/EDRi-open-letter-AI-red-lines.pdf,100.0,20,Artificial Intelligence,100.0,False,False
157,Guiding Principles for Automated Decision-Making in the EU,281,European Law Institute (ELI),https://www.europeanlawinstitute.eu/fileadmin/user_upload/p_eli/Publications/ELI_Innovation_Paper_on_Guiding_Principles_for_ADM_in_the_EU.pdf,100.0,9,AI Principles,84.6,False,False
160,A governance framework for algorithmic accountability and transparency,137,European Parliament,http://www.europarl.europa.eu/RegData/etudes/STUD/2019/624262/EPRS_STU(2019)624262_EN.pdf,100.0,8,Artificial Intelligence,100.0,False,False
161,Artificial Intelligence,15,Samsung Research,https://research.samsung.com/artificial-intelligence,100.0,2,AI and digital tools in workplace management and evaluation: An assessment of EU's legal framework,95.9,False,True
162,Artificial Intelligence and public services,156,European Parliament,https://www.europarl.europa.eu/RegData/etudes/BRIE/2021/662936/IPOL_BRI(2021)662936_EN.pdf,97.7,5,Artificial Intelligence,95.7,False,False
163,Artificial Intelligence and the fisheries sector,520,European Parliament,https://www.europarl.europa.eu/RegData/etudes/STUD/2022/699643/IPOL_STU(2022)699643_EN.pdf,100.0,6,Artificial Intelligence,100.0,False,False
164,Artificial Intelligence diplomacy,693,European Parliament,https://www.europarl.europa.eu/RegData/etudes/STUD/2021/662926/IPOL_STU(2021)662926_EN.pdf,100.0,3,Artificial Intelligence,100.0,False,False
165,Artificial intelligence in road transport - Cost of non-Europe report,393,European Parliament,https://www.europarl.europa.eu/RegData/etudes/STUD/2021/654212/EPRS_STU(2021)654212_EN.pdf,100.0,10,Artificial Intelligence,100.0,False,False
166,Artificial Intelligence in smart cities and urban mobility,578,European Parliament,http://www.europarl.europa.eu/RegData/etudes/BRIE/2021/662937/IPOL_BRI(2021)662937_EN.pdf,100.0,8,Artificial Intelligence,100.0,False,False
167,Artificial Intelligence market and capital flows,547,European Parliament,https://www.europarl.europa.eu/RegData/etudes/STUD/2021/662912/IPOL_STU(2021)662912_EN.pdf,100.0,6,Artificial Intelligence,100.0,False,False
168,Auditing the quality of datasets used in algorithmic decision-making systems,423,European Parliament,https://www.europarl.europa.eu/RegData/etudes/STUD/2022/729541/EPRS_STU(2022)729541_EN.pdf,100.0,11,Artificial Intelligence,100.0,False,False
169,Biometric Recognition and Behavioural Detection,712,European Parliament,https://www.europarl.europa.eu/RegData/etudes/STUD/2021/696968/IPOL_STU(2021)696968_EN.pdf,100.0,5,Artificial Intelligence,100.0,False,False
170,Challenges and limits of an open source approach to Artificial Intelligence,509,European Parliament,https://www.europarl.europa.eu/thinktank/en/document/IPOL_STU(2021)662908,100.0,11,Artificial Intelligence,100.0,False,False
171,Artificial Intelligence,15,Samsung Research,https://research.samsung.com/artificial-intelligence,100.0,2,Artificial Intelligence Strategy,84.4,False,True
173,Digital automation and the future of work,282,European Parliament,https://www.europarl.europa.eu/RegData/etudes/STUD/2021/656311/EPRS_STU(2021)656311_EN.pdf,100.0,7,Artificial Intelligence,100.0,False,False
174,EU guidelines on ethics in artificial intelligence: Context and implementation,461,European Parliament,https://www.europarl.europa.eu/RegData/etudes/BRIE/2019/640163/EPRS_BRI(2019)640163_EN.pdf,100.0,10,Coordinated plan on AI,100.0,False,False
175,"European Artificial Intelligence (AI) leadership, the path for an integrated vision",298,European Parliament,https://www.europarl.europa.eu/RegData/etudes/STUD/2018/626074/IPOL_STU(2018)626074_EN.pdf,100.0,11,Artificial Intelligence,100.0,False,False
176,Comprehensive European industrial policy on artificial intelligence and robotics,185,European Parliament,https://www.europarl.europa.eu/doceo/document/TA-8-2019-0081_EN.html,100.0,9,European industrial policy on artificial intelligence and robotics,100.0,False,False
177,Artificial Intelligence,15,Samsung Research,https://research.samsung.com/artificial-intelligence,100.0,2,Governing data and artificial intelligence for all: model for sustainable and just data governance,99.0,False,True
178,Identification and assessment of existing and draft EU legislation in the digital field,186,European Parliament,https://www.europarl.europa.eu/RegData/etudes/STUD/2022/703345/IPOL_STU(2022)703345_EN.pdf,100.0,13,Artificial Intelligence,100.0,False,False
179,Multilateral initiatives for upholding human rights in digital technologies: A task for the UN or for liberal democracies?,162,European Parliament,https://www.europarl.europa.eu/RegData/etudes/BRIE/2022/729376/EPRS_BRI(2022)729376_EN.pdf,100.0,18,Artificial Intelligence,100.0,False,False
180,Artificial Intelligence,15,Samsung Research,https://research.samsung.com/artificial-intelligence,100.0,2,"Person identification, human rights and ethical principles - Rethinking biometrics in the era of artificial intelligence",99.1,False,True
182,Report on intellectual property rights for the development of artificial intelligence technologies,201,European Parliament,https://www.europarl.europa.eu/doceo/document/A-9-2020-0176_EN.pdf,100.0,12,Artificial Intelligence,100.0,False,False
183,"Report with recommendations to the Commission on a framework of ethical aspects of artificial intelligence, robotics and related technologies",66,European Parliament,https://www.europarl.europa.eu/doceo/document/A-9-2020-0186_EN.pdf,100.0,19,Comprehensive European industrial policy on artificial intelligence and robotics,100.0,False,False
184,Resolution with recommendations to the Commission on Civil Law Rules on Robotics,231,European Parliament,http://www.europarl.europa.eu/sides/getDoc.do?pubRef=-//EP//TEXT+TA+P8-TA-2017-0051+0+DOC+XML+V0//EN,100.0,12,Report with recommendations to the Commission on Civil Law Rules on Robotics,100.0,False,False
185,Comprehensive European industrial policy on artificial intelligence and robotics,185,European Parliament,https://www.europarl.europa.eu/doceo/document/TA-8-2019-0081_EN.html,100.0,9,Liability for Artificial Intelligence and other emerging digital technologies,100.0,False,False
186,Artificial Intelligence,15,Samsung Research,https://research.samsung.com/artificial-intelligence,100.0,2,Report with recommendations to the Commission on Civil Law Rules on Robotics,92.1,False,True
187,Study on Understanding algorithmic decision-making,264,European Parliament,https://www.europarl.europa.eu/RegData/etudes/STUD/2019/624261/EPRS_STU(2019)624261_EN.pdf,90.0,6,Algorithms in Decision Making,89.7,False,True
188,"European Artificial Intelligence (AI) leadership, the path for an integrated vision",298,European Parliament,https://www.europarl.europa.eu/RegData/etudes/STUD/2018/626074/IPOL_STU(2018)626074_EN.pdf,100.0,11,Artificial Intelligence,100.0,False,False
190,The role of Artificial Intelligence in the European Green Deal,610,European Parliament,https://www.europarl.europa.eu/RegData/etudes/STUD/2021/662906/IPOL_STU(2021)662906_EN.pdf,100.0,10,Artificial Intelligence,100.0,False,False
191,Artificial Intelligence,15,Samsung Research,https://research.samsung.com/artificial-intelligence,100.0,2,AI Principles,92.3,False,True
192,Artificial Intelligence,15,Samsung Research,https://research.samsung.com/artificial-intelligence,100.0,2,Study on the impact of Artificial Intellgience on the infrigement and enforcement of copyrights and designs,97.2,False,True
193,Preparing for the future of Artificial Intelligence,230,Executive Office of the President; National Science and Technology Council; Committee on Technology,https://obamawhitehouse.archives.gov/sites/default/files/whitehouse_files/microsites/ostp/NSTC/preparing_for_the_future_of_ai.pdf,100.0,7,Artificial Intelligence,100.0,False,False
194,Principles for Accountable Algorithms and a Social Impact Statement for Algorithms,612,"Fairness, Accountability, and Transparency in Machine Learning (FATML)",https://www.fatml.org/resources/principles-for-accountable-algorithms,100.0,11,Algorithms in Decision Making,89.7,False,False
196,Artificial Intelligence,15,Samsung Research,https://research.samsung.com/artificial-intelligence,100.0,2,Artificial Intelligence for Europe,91.2,False,True
197,Algorithms in Decision Making,29,Parliament Science and Technology Committee (United Kingdom),https://publications.parliament.uk/pa/cm201719/cmselect/cmsctech/351/351.pdf,89.7,4,Algorithmic decision making for the benefit of consumers. Position paper executive summary,85.7,False,True
198,AI Index 2019,12,"University of Stanford, SRI International, MIT, OpenAI, McKinsey Global Institute, Partnership on AI, Harvard University",https://hai.stanford.edu/sites/default/files/ai_index_2019_report.pdf,69.2,3,AI Index 2021,69.2,False,True
199,Artificial Intelligence in Society,701,Organisation for Economic Co-operation and Development (OECD),https://www.oecd-ilibrary.org/sites/eedfee77-en/index.html?itemId=/content/publication/eedfee77-en,100.0,4,Artificial Intelligence,100.0,False,False
200,Joint Statement on Artificial Intelligence and Human Rights,167,Freedom Online Coalition,https://freedomonlinecoalition.com/wp-content/uploads/2021/06/FOC-Joint-Statement-on-Artificial-Intelligence-and-Human-Rights.pdf,100.0,8,Recommendation of the Council on Artificial Intelligence,100.0,False,False
201,Artificial Intelligence,15,Samsung Research,https://research.samsung.com/artificial-intelligence,100.0,2,AI Principles,92.3,False,True
202,Growing the artificial intelligence industry in the UK,27,"Department for Digital, Culture, Media & Sport and Department for Business, Energy & Industrial Strategy (United Kingdom)",https://www.gov.uk/government/publications/growing-the-artificial-intelligence-industry-in-the-uk,100.0,8,Artificial Intelligence,100.0,False,False
203,#BigData: Discrimination in data-supported decision making,646,Fundamental Rights Agency (FRA),https://fra.europa.eu/sites/default/files/fra_uploads/fra-2018-focus-big-data_en.pdf,100.0,7,Artificial Intelligence,100.0,False,False
204,Bias in algorithms: Artificial intelligence and discrimination,244,Fundamental Rights Agency (FRA),https://fra.europa.eu/sites/default/files/fra_uploads/fra-2022-bias-in-algorithms_en.pdf,100.0,7,Artificial Intelligence,100.0,False,False
205,Data quality and artificial intelligence – mitigating bias and error to protect fundamental rights,330,Fundamental Rights Agency (FRA),https://fra.europa.eu/sites/default/files/fra_uploads/fra-2019-data-quality-and-ai_en.pdf,100.0,13,Artificial Intelligence for Europe,100.0,False,False
206,Data quality and artificial intelligence – mitigating bias and error to protect fundamental rights,330,Fundamental Rights Agency (FRA),https://fra.europa.eu/sites/default/files/fra_uploads/fra-2019-data-quality-and-ai_en.pdf,100.0,13,Facial recognition technology: fundamental rights considerations in the context of law enforcement,100.0,False,False
207,Getting the future right – Artificial intelligence and fundamental rights,541,Fundamental Rights Agency (FRA),https://fra.europa.eu/sites/default/files/fra_uploads/fra-2020-artificial-intelligence_en.pdf,100.0,9,Artificial Intelligence,100.0,False,False
208,"Ethical, social, and political challenges of Artificial Intelligence in Health",557,Future Advocacy,https://cms.wellcome.org/sites/default/files/ai-in-health-ethical-social-political-challenges.pdf,100.0,10,Artificial Intelligence,100.0,False,False
210,"The Malicious Use of Artificial Intelligence: Forecasting, Prevention, and Mitigation",367,Future of Humanity Institute; University of Oxford; Centre for the Study of Existential Risk; University of Cambridge; Center for a New American Security; Electronic Frontier Foundation; OpenAI,https://arxiv.org/pdf/1802.07228.pdf,100.0,10,Artificial Intelligence,100.0,False,False
211,Artificial Intelligence,15,Samsung Research,https://research.samsung.com/artificial-intelligence,100.0,2,AI Principles,100.0,False,True
212,Automated Decision-Making Under the GDPR: Practical Cases from Courts and Data Protection Authorities,47,Future of Privacy Forum,https://fpf.org/wp-content/uploads/2022/05/FPF-ADM-Report-R2-singles.pdf,100.0,14,Artificial Intelligence,100.0,False,False
213,Unfairness by algorithm: Distilling the Harms of automated decision making,46,Future of Privacy Forum,https://fpf.org/wp-content/uploads/2017/12/FPF-Automated-Decision-Making-Harms-and-Mitigation-Charts.pdf,100.0,10,Artificial Intelligence,100.0,False,False
215,Tenets,310,Partnership on AI,"https://partnershiponai.org/about/#:~:text=Our%20Tenets&text=We%20will%20educate%20and%20listen,work%2C%20and%20address%20their%20questions.&text=We%20are%20committed%20to%20open,and%20legal%20implications%20of%20AI.",66.7,1,AI Now 2017 Report,61.1,False,True
216,Perspectives on Issues in AI Governance,396,Google,https://ai.google/static/documents/perspectives-on-issues-in-ai-governance.pdf,100.0,6,TrUE AI,85.7,False,False
217,Responsible Development of AI,159,Google,https://ai.google/static/documents/responsible-development-of-ai.pdf,100.0,4,AI Principles,100.0,False,False
218,2022 AI Principles Progress Update,240,Google,https://ai.google/static/documents/ai-principles-2022-progress-update.pdf,100.0,5,AI Principles,100.0,False,False
219,Tenets,310,Partnership on AI,"https://partnershiponai.org/about/#:~:text=Our%20Tenets&text=We%20will%20educate%20and%20listen,work%2C%20and%20address%20their%20questions.&text=We%20are%20committed%20to%20open,and%20legal%20implications%20of%20AI.",83.3,1,Z-Inspection,75.0,False,True
220,AI Principles,315,Future of Life Institute,https://futureoflife.org/open-letter/ai-principles/,100.0,2,G20 AI Principles,86.7,False,True
221,National Artificial Intelligence Strategy,202,"Department of Business, Enterprise and Innovation (DBEI) of Ireland",https://enterprise.gov.ie/en/publications/national-ai-strategy.html,100.0,4,National AI Strategy,100.0,False,False
222,Artificial Intelligence Strategy,631,Federal Ministry of Education and Research; Federal Ministry for Economic Affairs and Labour and Social Affairs Energy,https://www.ki-strategie-deutschland.de/home.html?file=files/downloads/Nationale_KI-Strategie_engl.pdf,100.0,3,Artificial Intelligence,100.0,False,False
223,Artificial Intelligence,15,Samsung Research,https://research.samsung.com/artificial-intelligence,100.0,2,Tenets,83.3,False,True
225,"Responsible AI – Key Themes, Concerns & Recommendations for European Research and Innovation Summary of Consultation with Multidisciplinary Experts",148,HUB4NGI,https://ec.europa.eu/futurium/en/system/files/ged/responsible_ai_consultation_-_public_recommendations_v1.0.pdf,100.0,17,AI Principles,92.3,False,False
226,Building Ethics into Privacy Frameworks for Big Data and AI,307,IAPP,https://iapp.org/media/pdf/resource_center/building_ethics_into_privacy_frameworks_white_paper.pdf,100.0,10,Artificial Intelligence,100.0,False,False
227,Advancing AI ethics beyond compliance From principles to practice,604,IBM,https://www.ibm.com/downloads/cas/J2LAYLOZ,100.0,9,Artificial Intelligence,100.0,False,False
228,Artificial Intelligence,15,Samsung Research,https://research.samsung.com/artificial-intelligence,100.0,2,AI Principles,92.3,False,True
229,Artificial Intelligence,15,Samsung Research,https://research.samsung.com/artificial-intelligence,100.0,2,Artificial Intelligence for Europe,88.2,False,True
230,TrUE AI,495,Thales,https://www.thalesgroup.com/en/group/journalist/press_release/thales-true-ai-approach-artificial-intelligence-be-unveiled-paris,85.7,2,AI Index 2019,69.2,False,True
235,Policy Briefing: Algorithmic Impact Assessments,242,Institute for the Future of Work,https://global-uploads.webflow.com/5f57d40eb1c2ef22d8a8ca7e/62349d0fc097275eec2a930c_IFOW-AIA%20Policy%20Paper%20(v8-18.03.22).pdf,100.0,5,National AI Strategy,100.0,False,False
236,The New Frontier: Artificial intelligence at work,327,Institute for the Future of Work,https://global-uploads.webflow.com/5f57d40eb1c2ef22d8a8ca7e/62459a045de6afc1d9973bf4_The%20New%20Frontier%20-%20Artificial%20Intelligence%20at%20Work%5B4%5D.pdf,100.0,7,National AI Strategy,100.0,False,False
238,Ethical Aspects of Autonomous and Intelligent Systems,334,Institute of Electrical and Electronics Engineers (IEEE),http://globalpolicy.ieee.org/wp-content/uploads/2019/06/IEEE19002.pdf,100.0,7,"Ethically Aligned Design. A Vision for Prioritizing Human Well-being with Autonomous and Intelligent Systems, version 2",96.6,False,False
239,"Ethically Aligned Design. A Vision for Prioritizing Human Well-being with Autonomous and Intelligent Systems, version 2",197,"Institute of Electrical and Electronics Engineers (IEEE), The IEEE Global Initiative on Ethics of Autonomous and Intelligent Systems",https://standards.ieee.org/wp-content/uploads/import/documents/other/ead_v2.pdf,99.6,17,AI Principles,92.3,False,False
240,Responsible AI in Consumer Enterprise,539,Integrate.ai,https://bruce2b.files.wordpress.com/2019/08/d3dd6-responsible2bai2bin2bconsumer2benterprise.pdf,100.0,5,Artificial Intelligence,100.0,False,False
241,Artificial Intelligence. The Public Policy Opportunity,660,Intel Corporation,https://community.intel.com/legacyfs/online/files/Intel-Artificial-Intelligence-Public-Policy-White-Paper-2017.pdf,100.0,6,Artificial Intelligence,100.0,False,False
242,Intel’s AI Privacy Policy White Paper. Protecting individuals’ privacy and data in the artificial intelligence world,161,Intel Corporation,https://community.intel.com/legacyfs/online/files/Intels-AI-Privacy-Policy-White-Paper-2018.pdf,100.0,17,Artificial Intelligence,100.0,False,False
244,Declaration on Ethics and Data Protection in Artificial Intelligence,680,International Conference of Data Protection and Privacy Commissioners (ICDPPC),http://globalprivacyassembly.org/wp-content/uploads/2018/10/20180922_ICDPPC-40th_AI-Declaration_ADOPTED.pdf,100.0,9,Artificial Intelligence,100.0,False,False
245,TrUE AI,495,Thales,https://www.thalesgroup.com/en/group/journalist/press_release/thales-true-ai-approach-artificial-intelligence-be-unveiled-paris,71.4,2,AI Now,66.7,False,True
248,Ethics Framework,385,Digital Catapult,https://www.digicatapult.org.uk/wp-content/uploads/2023/06/DC_AI_Ethics_Framework-2021.pdf,87.5,2,Tenets,83.3,False,True
250,Artificial Intelligence,15,Samsung Research,https://research.samsung.com/artificial-intelligence,100.0,2,Trust in Artificial Intelligence: A Five Countries Study,96.3,False,True
251,TrUE AI,495,Thales,https://www.thalesgroup.com/en/group/journalist/press_release/thales-true-ai-approach-artificial-intelligence-be-unveiled-paris,71.4,2,Tenets,66.7,False,True
254,Our principles,45,Google,https://blog.google/technology/ai/ai-principles/,92.9,2,AI Principles,92.3,False,True
255,Guidelines for Human-AI Interaction,116,Microsoft,https://www.microsoft.com/en-us/research/uploads/prod/2019/01/Guidelines-for-Human-AI-Interaction-camera-ready.pdf,100.0,5,Artificial Intelligence,95.7,False,False
256,Research Collection: Research Supporting Responsible AI,83,Microsoft,https://www.microsoft.com/en-us/research/blog/research-collection-research-supporting-responsible-ai/,100.0,6,Responsible AI practices,100.0,False,False
257,AI Principles,315,Future of Life Institute,https://futureoflife.org/open-letter/ai-principles/,100.0,2,Responsible AI practices,86.4,False,True
260,Strategic Action Plan for Artificial Intelligence,370,Ministry of Economic Affairs and Climate Policy (Netherlands),https://knowledge4policy.ec.europa.eu/sites/default/files/netherlands-ai-strategy-report.pdf,100.0,6,Artificial Intelligence: A european perspective,100.0,False,False
264,Governance Guidelines for Implementation of AI Principles,267,"Ministry of Economy, Trade and Industry (Japan)",https://www.meti.go.jp/shingikai/mono_info_service/ai_shakai_jisso/pdf/20220128_2.pdf,100.0,7,Social Principles of Human-Centric AI,100.0,False,False
265,National Strategy for Artificial Intelligence,506,"Ministry of Finance and Ministry of Industry, Business and Financial Affairs (Danemark)",https://en.digst.dk/media/19337/305755_gb_version_final-a.pdf,100.0,5,Artificial Intelligence,100.0,False,False
266,TrUE AI,495,Thales,https://www.thalesgroup.com/en/group/journalist/press_release/thales-true-ai-approach-artificial-intelligence-be-unveiled-paris,71.4,2,AI Now,66.7,False,True
268,National Strategy for Artificial Intelligence,506,"Ministry of Finance and Ministry of Industry, Business and Financial Affairs (Danemark)",https://en.digst.dk/media/19337/305755_gb_version_final-a.pdf,100.0,5,Artificial Intelligence,100.0,False,False
269,For a meaningful Artificial Intelligence. Towards a French and European strategy,416,Mission Villani,https://www.jaist.ac.jp/~bao/AI/OtherAIstrategies/MissionVillani_Report_ENG-VF.pdf,100.0,11,Artificial Intelligence,100.0,False,False
270,"Principles to Promote Fairness, Ethics, Accountability and Transparency (FEAT) in the Use of Artificial Intelligence and Data Analytics in Singapore’s Financial Sector",371,Monetary Authority of Singapore,https://www.mas.gov.sg/-/media/MAS/News-and-Publications/Monographs-and-Information-Papers/FEAT-Principles-Updated-7-Feb-19.pdf,100.0,23,Artificial Intelligence,100.0,False,False
271,Artificial Intelligence,15,Samsung Research,https://research.samsung.com/artificial-intelligence,100.0,2,A Proposal for Identifying and Managing Bias in Artificial Intelligence,94.4,False,True
272,Artificial Intelligence Risk Management Framework (AI RMF 1.0),455,National Institute of Standards and Technology (NIST) (US),https://nvlpubs.nist.gov/nistpubs/ai/NIST.AI.100-1.pdf,100.0,9,Artificial Intelligence,100.0,False,False
273,Four Principles of Explainable Artificial Intelligence,68,National Institute of Standards and Technology (NIST) (US),https://nvlpubs.nist.gov/nistpubs/ir/2021/NIST.IR.8312.pdf,100.0,6,Artificial Intelligence,100.0,False,False
274,Artificial Intelligence,15,Samsung Research,https://research.samsung.com/artificial-intelligence,100.0,2,A Proposal for Identifying and Managing Bias in Artificial Intelligence,91.5,False,True
275,Artificial Intelligence,15,Samsung Research,https://research.samsung.com/artificial-intelligence,100.0,2,US LEADERSHIP IN AI: A Plan for Federal Engagement in Developing Technical Standards and Related Tools,99.0,False,True
276,Discussion Paper: National Strategy for Artificial Intelligence,553,National Institution for Transforming India (Niti Aayog),https://indiaai.gov.in/documents/pdf/NationalStrategy-for-AI-Discussion-Paper.pdf,100.0,7,National Strategy for Artificial Intelligence,100.0,False,False
279,Advisory Statement on Human Ethics in Artificial Intelligence and Big Data Research,235,National Research Council Canada,https://nrc.canada.ca/en/corporate/values-ethics/research-involving-human-participants/advisory-statement-human-ethics-artificial-intelligence-big-data-research-2017,100.0,12,Artificial Intelligence,100.0,False,False
280,Preparing for the future of Artificial Intelligence,230,Executive Office of the President; National Science and Technology Council; Committee on Technology,https://obamawhitehouse.archives.gov/sites/default/files/whitehouse_files/microsites/ostp/NSTC/preparing_for_the_future_of_ai.pdf,100.0,7,Artificial Intelligence,100.0,False,False
281,The National Artificial Intelligence Research and Development Strategic Plan,653,"National Science and Technology Council, Networking and Information Technology Research and Development Subcommittee (US)",https://www.nitrd.gov/pubs/national_ai_rd_strategic_plan.pdf,100.0,9,Artificial Intelligence,100.0,False,False
282,Summary of the NATO Artificial Intelligence Strategy,463,NATO,https://www.nato.int/cps/en/natohq/official_texts_187617.htm,100.0,7,Artificial Intelligence Strategy,100.0,False,False
283,Principles for the safe and effective use of data and analytics,675,Stats New Zealand and Office of the Privacy Commissioner,https://www.privacy.org.nz/assets/New-order/Resources-/Publications/Guidance-resources/Principles-for-the-safe-and-effective-use-of-data-and-analytics-guidance3.pdf,100.0,11,Algorithm Charter for Aotearoa New Zealand,100.0,False,False
286,Artificial Intelligence,15,Samsung Research,https://research.samsung.com/artificial-intelligence,100.0,2,AI Principles,100.0,False,True
287,The practical application of the Guiding Principles on Business and Human Rights to the activities of technology companies - Report of the Office of the United Nations High Commissioner for Human Rights,584,United Nations (Human Rights Council),https://reliefweb.int/attachments/41159932-9621-46ca-af1b-c57fe8a24da0/G2232396.pdf,0.0,31,"Study on the impact of predictive technologies and AI on the audiovisual sector, including possible specific measures to put into place in order to ensure freedom of expression and cultural diversity",0.0,False,True
289,Tenets,310,Partnership on AI,"https://partnershiponai.org/about/#:~:text=Our%20Tenets&text=We%20will%20educate%20and%20listen,work%2C%20and%20address%20their%20questions.&text=We%20are%20committed%20to%20open,and%20legal%20implications%20of%20AI.",83.3,1,Z-Inspection,75.0,False,True
290,AI Now,279,AI Now Institute,https://ainowinstitute.org/wp-content/uploads/2023/04/AI-Now-2023-Landscape-Report-FINAL.pdf,66.7,2,Tenets,66.7,False,True
296,AI Now,279,AI Now Institute,https://ainowinstitute.org/wp-content/uploads/2023/04/AI-Now-2023-Landscape-Report-FINAL.pdf,66.7,2,Tenets,66.7,False,True
299,Tenets,310,Partnership on AI,"https://partnershiponai.org/about/#:~:text=Our%20Tenets&text=We%20will%20educate%20and%20listen,work%2C%20and%20address%20their%20questions.&text=We%20are%20committed%20to%20open,and%20legal%20implications%20of%20AI.",66.7,1,Holberton Turing Oath,57.1,False,True
303,Artificial Intelligence,15,Samsung Research,https://research.samsung.com/artificial-intelligence,100.0,2,Non-paper on the impact of artificial intelligence and freedom of expression,97.4,False,True
308,TrUE AI,495,Thales,https://www.thalesgroup.com/en/group/journalist/press_release/thales-true-ai-approach-artificial-intelligence-be-unveiled-paris,71.4,2,AI Now,66.7,False,True
309,Artificial Intelligence,15,Samsung Research,https://research.samsung.com/artificial-intelligence,100.0,2,AI Principles,100.0,False,True
310,Discussion Paper on Artificial Intelligence (AI) and Personal Data - Fostering Responsible Development and Adoption of AI,562,Personal Data Protection Commission Singapore,https://www.pdpc.gov.sg/-/media/Files/PDPC/PDF-Files/Resource-for-Organisation/AI/Discussion-Paper-on-AI-and-PD---050618.pdf,100.0,16,Artificial Intelligence,100.0,False,False
311,Singapore’s Approach to AI Governance,286,Personal Data Protection Commission Singapore,https://www.pdpc.gov.sg/Help-and-Resources/2020/01/Model-AI-Governance-Framework,100.0,6,AI Ethics Principles,100.0,False,False
312,Five guiding principles for responsible use of AI in healthcare and healthy living,265,Philips,https://www.philips.com/a-w/about/news/archive/blogs/innovation-matters/2020/20200121-five-guiding-principles-for-responsible-use-of-ai-in-healthcare-and-healthy-living.html,100.0,13,Artificial Intelligence,100.0,False,False
313,Ten simple rules for responsible Big Data research,484,PLOS Computational Biology,https://journals.plos.org/ploscompbiol/article/file?id=10.1371/journal.pcbi.1005399&type=printable,94.0,8,Algo.Rules,80.0,False,True
315,AI Now,279,AI Now Institute,https://ainowinstitute.org/wp-content/uploads/2023/04/AI-Now-2023-Landscape-Report-FINAL.pdf,66.7,2,Tenets,66.7,False,True
317,Artificial Intelligence,15,Samsung Research,https://research.samsung.com/artificial-intelligence,100.0,2,AI Sector Deal,85.7,False,True
318,Responsible AI – Maturing from theory to practice,215,PriceWaterhouseCoopers (PWC),https://www.pwc.com/gx/en/issues/data-and-analytics/artificial-intelligence/what-is-responsible-ai/pwc-responsible-ai-maturing-from-theory-to-practice.pdf,100.0,7,AI Principles,84.6,False,False
320,Privacy and Freedom of Expression In the Age of Artificial Intelligence,593,Privacy International & Article 19,https://www.article19.org/wp-content/uploads/2018/04/Privacy-and-Freedom-of-Expression-In-the-Age-of-Artificial-Intelligence-1.pdf,100.0,11,Artificial Intelligence,100.0,False,False
322,Artificial Intelligence,15,Samsung Research,https://research.samsung.com/artificial-intelligence,91.3,2,Z-Inspection,83.3,False,True
323,Rome Call for AI Ethics,232,RenAIssance Foundation,https://www.romecall.org/wp-content/uploads/2022/03/RomeCall_Paper_web.pdf,100.0,5,Artificial Intelligence,100.0,False,False
324,Užupis Principles for Trustworthy AI Design,523,Republic of Užupis,http://uzhupisembassy.eu/wp-content/uploads/2019/07/Uzupis-Principles-for-Trustworthy-AI.pdf,100.0,6,Our principles,100.0,False,False
325,Harmonious Artificial Intelligence Principles,193,"Research Center for Brain-inspired Intelligence, Institute of Automation, Chinese Academy of Sciences",http://harmonious-ai.org/,100.0,4,Artificial Intelligence,100.0,False,False
327,TrUE AI,495,Thales,https://www.thalesgroup.com/en/group/journalist/press_release/thales-true-ai-approach-artificial-intelligence-be-unveiled-paris,71.4,2,AI Now,66.7,False,True
328,Artificial Intelligence (AI) in Health,596,Royal College of Physicians,https://www.rcplondon.ac.uk/projects/outputs/artificial-intelligence-ai-health,100.0,5,Statement on Artificial Intelligence,100.0,False,False
330,Artificial Intelligence,15,Samsung Research,https://research.samsung.com/artificial-intelligence,100.0,2,Our principles,100.0,False,True
332,Smart Dubai AI Ethics Principles & Guidelines,482,Smart Dubai,https://www.digitaldubai.ae/docs/default-source/ai-principles-resources/ai-ethics.pdf,100.0,6,AI Ethics Principles,100.0,False,False
335,Dutch Artificial Intelligence Manifesto,154,"Special Interest Group on Artificial Intelligence (SIGAI), ICT Platform Netherlands (IPN)",http://ii.tudelft.nl/bnvki/wp-content/uploads/2018/09/Dutch-AI-Manifesto.pdf,100.0,4,Artificial Intelligence,100.0,False,False
336,Artificial Intelligence,15,Samsung Research,https://research.samsung.com/artificial-intelligence,100.0,2,AI Principles,84.6,False,True
338,Introducing Stanford's Human-Centered AI Initiative,439,Stanford University Human-Centered Artificial Intelligence,https://hai.stanford.edu/news/introducing-stanfords-human-centered-ai-initiative,100.0,7,Artificial Intelligence,100.0,False,False
340,Artificial intelligence in Swedish business and society,721,Sweden’s innovation agency (Vinnova),https://www.vinnova.se/contentassets/72ddc02d541141258d10d60a752677df/vr-18_12.pdf?cb=20180924082158,100.0,7,Artificial Intelligence,100.0,False,False
341,Recommendations for an AI Strategy in Switzerland,97,Swiss Academy of Technical Sciences (SATW),https://www.satw.ch/fileadmin/user_upload/documents/02_Themen/08_Kuenstliche-Intelligenz/SATW-Swiss_AI_Strategy.pdf,100.0,7,Ethics Guidelines for Trustworthy AI,100.0,False,False
343,Tenets,310,Partnership on AI,"https://partnershiponai.org/about/#:~:text=Our%20Tenets&text=We%20will%20educate%20and%20listen,work%2C%20and%20address%20their%20questions.&text=We%20are%20committed%20to%20open,and%20legal%20implications%20of%20AI.",83.3,1,AI Sector Deal,71.4,False,True
345,AI Principles of Telefónica,344,Telefonica Executive Committee,https://www.telefonica.com/wp-content/uploads/sites/7/2021/11/principios-ai-eng-2018.pdf,100.0,4,Artificial Intelligence,100.0,False,False
346,Artificial Intelligence,15,Samsung Research,https://research.samsung.com/artificial-intelligence,100.0,2,AI Principles,91.7,False,True
348,The practical application of the Guiding Principles on Business and Human Rights to the activities of technology companies - Report of the Office of the United Nations High Commissioner for Human Rights,584,United Nations (Human Rights Council),https://reliefweb.int/attachments/41159932-9621-46ca-af1b-c57fe8a24da0/G2232396.pdf,0.0,31,"Study on the impact of predictive technologies and AI on the audiovisual sector, including possible specific measures to put into place in order to ensure freedom of expression and cultural diversity",0.0,False,True
349,The practical application of the Guiding Principles on Business and Human Rights to the activities of technology companies - Report of the Office of the United Nations High Commissioner for Human Rights,584,United Nations (Human Rights Council),https://reliefweb.int/attachments/41159932-9621-46ca-af1b-c57fe8a24da0/G2232396.pdf,0.0,31,"Study on the impact of predictive technologies and AI on the audiovisual sector, including possible specific measures to put into place in order to ensure freedom of expression and cultural diversity",0.0,False,True
350,Artificial Intelligence,15,Samsung Research,https://research.samsung.com/artificial-intelligence,100.0,2,"Human Rights, Democracy, and the Rule of Law Assurance Framework for AI Systems: A proposal prepared for the Council of Europe’s Ad hoc Committee on Artificial Intelligence",99.4,False,True
351,Data Ethics Framework,366,Central Digital & Data Office,https://www.gov.uk/government/publications/data-ethics-framework/data-ethics-framework-2020,100.0,3,Artificial Intelligence,100.0,False,False
352,Artificial Intelligence,15,Samsung Research,https://research.samsung.com/artificial-intelligence,100.0,2,AI Principles,92.3,False,True
353,Human rights impact assessment of digital activities,670,The Danish Institute for Human Rights,https://www.humanrights.dk/files/media/document/A%20HRIA%20of%20Digital%20Activities%20-%20Introduction_ENG_accessible.pdf,100.0,7,AI Principles,84.6,False,False
356,Report on Big Data and Health,679,United Nations Educational Scientific and Cultural Organization (UNESCO),http://unesdoc.unesco.org/images/0024/002487/248724e.pdf,89.7,6,Tenets,83.3,False,True
357,Artificial Intelligence: a strategic vision for Luxembourg,589,The Government of the Grand Duchy of Luxembourg,https://digital-luxembourg.public.lu/sites/default/files/2020-09/AI_EN_0.pdf,100.0,7,Artificial Intelligence,100.0,False,False
358,Position on Robotics and Artificial Intelligence,717,The Greens (Green Working Group Robots),https://felixreda.eu/wp-content/uploads/2017/02/Green-Digital-Working-Group-Position-on-Robotics-and-Artificial-Intelligence-2016-11-22.pdf,100.0,6,Artificial Intelligence,100.0,False,False
359,Tenets,310,Partnership on AI,"https://partnershiponai.org/about/#:~:text=Our%20Tenets&text=We%20will%20educate%20and%20listen,work%2C%20and%20address%20their%20questions.&text=We%20are%20committed%20to%20open,and%20legal%20implications%20of%20AI.",66.7,1,AI in Egypt,63.6,False,True
360,Ethics Framework,385,Digital Catapult,https://www.digicatapult.org.uk/wp-content/uploads/2023/06/DC_AI_Ethics_Framework-2021.pdf,93.8,2,AI Principles,92.3,False,True
361,"Unified Ethical Frame for Big Data Analysis. IAF Big Data Ethics Initiative, Part A",14,The Information Accountability Foundation,https://bigdata.fpf.org/wp-content/uploads/2015/11/IAF-Unified-Ethical-Frame-for-Big-Data-Analysis.pdf,100.0,14,Ethics Framework,87.5,False,False
362,The Ethical Framework for AI in Education,405,The Insitute for Ethical AI in Education,https://www.buckingham.ac.uk/wp-content/uploads/2021/03/The-Institute-for-Ethical-AI-in-Education-The-Ethical-Framework-for-AI-in-Education.pdf,100.0,7,AI Principles,92.3,False,False
363,The responsible Machine Learning Principles,606,The Institute for Ethical AI & Machine Learning,https://ethical.institute/principles.html,100.0,5,Principles for Responsible AI,86.2,False,False
364,Artificial Intelligence and Machine Learning: Policy Paper,629,The Internet Society,https://www.internetsociety.org/wp-content/uploads/2017/08/ISOC-AI-Policy-Paper_2017-04-27_0.pdf,100.0,7,Artificial Intelligence,100.0,False,False
365,TrUE AI,495,Thales,https://www.thalesgroup.com/en/group/journalist/press_release/thales-true-ai-approach-artificial-intelligence-be-unveiled-paris,71.4,2,Tenets,66.7,False,True
366,Manifesto for Data Practices,389,The Linux Foundation,https://datapractices.org/manifesto/,100.0,4,Our principles,85.7,False,False
367,Responsible AI practices,654,Google,https://ai.google/responsibilities/responsible-ai-practices/,100.0,3,Artificial Intelligence,100.0,False,False
370,Artificial intelligence and privacy,527,The Norwegian Data Protection Authority,https://www.datatilsynet.no/globalassets/global/english/ai-and-privacy.pdf,100.0,4,Artificial Intelligence,100.0,False,False
372,Universal Guidelines for Artificial Intelligence,639,The Public Voice,https://archive.epic.org/international/AIGuidleinesDRAFT20180910.pdf,100.0,5,Guidelines for Artificial Intelligence,100.0,False,False
373,"Human rights in the robot age Challenges arising from the use of robotics, artificial intelligence, and virtual and augmented reality",243,The Rathenau Instituut,https://www.rathenau.nl/sites/default/files/2018-02/Human%20Rights%20in%20the%20Robot%20Age-Rathenau%20Instituut-2017.pdf,100.0,20,Artificial Intelligence,100.0,False,False
376,Ethical by Design: Ethics Best Practices for Natural Language Processing,140,Thomson Reuters,https://aclanthology.org/W17-1604.pdf,100.0,10,Our principles,85.7,False,False
377,Tieto’s AI ethics guidelines,608,Tieto,https://www.tietoevry.com/contentassets/b097de43d84d4c84832f1fff2cb6a30d/tieto-s-ai-ethics-guidelines.pdf,100.0,5,Sony Group AI Ethics Guidelines,77.4,False,False
379,Vienna Manifesto on Digital Humanism,408,TU Wien,https://dighum.ec.tuwien.ac.at/dighum-manifesto/,100.0,5,Artificial Intelligence,100.0,False,False
381,A guide to good practice for digital and data-driven health technologies,155,UK Department of Health & Social Care,https://www.gov.uk/government/publications/code-of-conduct-for-data-driven-health-and-care-technology/initial-code-of-conduct-for-data-driven-health-and-care-technology,100.0,12,Initial Code of Conduct for Data-Driven Health and Care Technology,100.0,False,False
383,"Ambitious, safe, responsible: our approach to the delivery of AI-enabled capability in Defence",723,UK Ministry of Defence,https://www.gov.uk/government/publications/ambitious-safe-responsible-our-approach-to-the-delivery-of-ai-enabled-capability-in-defence/ambitious-safe-responsible-our-approach-to-the-delivery-of-ai-enabled-capability-in-defence#annex-a-ethical-principles-for-ai-in-defence,100.0,14,Artificial Intelligence,100.0,False,False
386,The practical application of the Guiding Principles on Business and Human Rights to the activities of technology companies - Report of the Office of the United Nations High Commissioner for Human Rights,584,United Nations (Human Rights Council),https://reliefweb.int/attachments/41159932-9621-46ca-af1b-c57fe8a24da0/G2232396.pdf,99.5,31,Artificial Intelligence,95.7,False,False
388,Artificial Intelligence,15,Samsung Research,https://research.samsung.com/artificial-intelligence,100.0,2,AI Principles,92.3,False,True
402,Artificial Intelligence,15,Samsung Research,https://research.samsung.com/artificial-intelligence,100.0,2,AI Now,100.0,False,True
404,AI Principles,315,Future of Life Institute,https://futureoflife.org/open-letter/ai-principles/,92.3,2,Report on The Age of Digital Interdependence,87.2,False,True
405,TrUE AI,495,Thales,https://www.thalesgroup.com/en/group/journalist/press_release/thales-true-ai-approach-artificial-intelligence-be-unveiled-paris,71.4,2,AI Roadmap,70.0,False,True
406,Tenets,310,Partnership on AI,"https://partnershiponai.org/about/#:~:text=Our%20Tenets&text=We%20will%20educate%20and%20listen,work%2C%20and%20address%20their%20questions.&text=We%20are%20committed%20to%20open,and%20legal%20implications%20of%20AI.",83.3,1,Artificial Intelligence,78.3,False,True
407,Montréal Declaration for a Responsible Development of Artificial Intelligence,340,Université de Montréal,https://declarationmontreal-iaresponsable.com/wp-content/uploads/2023/04/UdeM_Decl-IA-Resp_LA-Declaration-ENG_WEB_09-07-19.pdf,100.0,9,Artificial Intelligence,100.0,False,False
408,AI Now,279,AI Now Institute,https://ainowinstitute.org/wp-content/uploads/2023/04/AI-Now-2023-Landscape-Report-FINAL.pdf,66.7,2,Z-Inspection,66.7,False,True
410,Developing a Shared Vision of Ethical AI in Education: An Invitation to Participate,667,University of Buckingham,https://www.buckingham.ac.uk/wp-content/uploads/2020/09/Developing-a-Shared-Vision-of-Ethical-AI-in-Education-An-Invitation-to-Participate.pdf,100.0,13,Artificial Intelligence,100.0,False,False
412,Ethics of Artificial Intelligence: Case Studies and Options for Addressing Ethical Challenges,636,"University of Central Lancashire, University of Nottingham, University De Monfort",https://link.springer.com/content/pdf/10.1007/978-3-031-17040-9.pdf,100.0,12,Artificial Intelligence,100.0,False,False
413,Stop explaining black box machine learning models for high stakes decisions and use interpretable models instead,657,University of Duke,https://arxiv.org/pdf/1811.10154.pdf,100.0,16,TrUE AI,85.7,False,False
417,Input on the European Commission White Paper “On Artificial Intelligence – A European approach to excellence and trust”,125,University of Stanford,https://hai.stanford.edu/sites/default/files/2020-07/HAI_WhitePaper_v4B.pdf,100.0,17,Artificial Intelligence,100.0,False,False
418,AI Index 2019,12,"University of Stanford, SRI International, MIT, OpenAI, McKinsey Global Institute, Partnership on AI, Harvard University",https://hai.stanford.edu/sites/default/files/ai_index_2019_report.pdf,100.0,3,Artificial Intelligence,100.0,False,False
419,Introducing Stanford's Human-Centered AI Initiative,439,Stanford University Human-Centered Artificial Intelligence,https://hai.stanford.edu/news/introducing-stanfords-human-centered-ai-initiative,83.3,7,Seeking Ground Rules for AI,70.0,False,True
420,Artificial Intelligence,15,Samsung Research,https://research.samsung.com/artificial-intelligence,100.0,2,Artificial Intelligence Strategy,84.4,False,True
421,Recommendations on Updating the National Artificial Intelligence Research and Development Strategic Plan,440,"University of Stanford, Stanford Institute for Human-centered AI",https://hai.stanford.edu/sites/default/files/2022-03/White%20Paper%20-%20Recommendations%20on%20Updating%20the%20National%20AI%20R%26D%20Strategy.pdf,100.0,12,The National Artificial Intelligence Research and Development Strategic Plan,100.0,False,False
423,AI Now,279,AI Now Institute,https://ainowinstitute.org/wp-content/uploads/2023/04/AI-Now-2023-Landscape-Report-FINAL.pdf,66.7,2,Z-Inspection,66.7,False,True
424,Artificial Intelligence: open questions about gender inclusion,435,W20,https://webfoundation.org/docs/2018/06/AI-Gender.pdf,100.0,7,Artificial Intelligence,100.0,False,False
425,Digitalwallonia4AI,665,Walloon Government (Belgium),https://www.digitalwallonia.be/en/posts/wallonia-digital-strategy/,88.9,1,UAE Strategy for AI,84.2,False,True
427,Artificial Intelligence for Children - Toolkit,113,World Economic Forum (WEF),https://www3.weforum.org/docs/WEF_Artificial_Intelligence_for_Children_2022.pdf,100.0,5,Artificial Intelligence,100.0,False,False
428,Guidelines for AI procurement,525,World Economic Forum (WEF),https://www3.weforum.org/docs/WEF_Guidelines_for_AI_Procurement.pdf,100.0,4,Guidelines for AI procurement,100.0,True,True
429,How to prevent Discriminatory Outcomes in Machine Learning,336,World Economic Forum (WEF),http://www3.weforum.org/docs/WEF_40065_White_Paper_How_to_Prevent_Discriminatory_Outcomes_in_Machine_Learning.pdf,100.0,8,AI Roadmap,90.0,False,False
430,White paper: A Framework for Responsible Limits on Facial Recognition Use Case: Flow Management,528,World Economic Forum (WEF),https://www3.weforum.org/docs/WEF_Framework_for_action_Facial_recognition_2020.pdf,100.0,14,Artificial Intelligence,100.0,False,False
431,Ethics by Design: An organizational approach to responsible use of technology,400,"World Economic Forum (WEF), Deloitte and the Markkula Center for Applied Ethics at Santa Clara University",https://www3.weforum.org/docs/WEF_Ethics_by_Design_2020.pdf,100.0,11,Ethics Framework,100.0,False,False
432,Regulatory Technology for the 21st Century,477,"World Economic Forum (WEF), Global Future Council on Agile Governance",https://www3.weforum.org/docs/WEF_Regulatory_Tech_for_the_21st_Century_2022.pdf,100.0,6,Artificial Intelligence,100.0,False,False
433,TrUE AI,495,Thales,https://www.thalesgroup.com/en/group/journalist/press_release/thales-true-ai-approach-artificial-intelligence-be-unveiled-paris,71.4,2,Tenets,66.7,False,True
435,Algorithms and Economic Justice: A Taxonomy of Harms and a Path Forward for the Federal Trade Commission,295,Yale Law School,https://yjolt.org/sites/default/files/23_yale_j.l._tech._special_issue_1.pdf,100.0,17,Artificial Intelligence,100.0,False,False
